{
  "nodes": {
    "upload-to-cloud#1": {
      "rfNode": {
        "position": {
          "x": 593.1525749532422,
          "y": -682.6492807864677
        }
      }
    },
    "manga-zip-translate#1": {
      "rfNode": {
        "position": {
          "x": 1003.8276600461106,
          "y": -169.09220928269818
        }
      }
    },
    "check-zip-format#2": {
      "rfNode": {
        "position": {
          "x": 24.288157431805473,
          "y": -607.1182037667282
        }
      }
    }
  },
  "pseudoNodes": {
    "input": {
      "rfNode": {
        "position": {
          "x": -204.0403398494936,
          "y": 51.928914593943716
        }
      }
    },
    "output": {
      "rfNode": {
        "position": {
          "x": 1460.9116339118723,
          "y": -48.29830075253214
        }
      }
    }
  }
}