{
  "nodes": {
    "upload-to-cloud#1": {
      "rfNode": {
        "position": {
          "x": 918.77024976645,
          "y": -656.4572246175804
        }
      }
    },
    "manga-zip-translate#1": {
      "rfNode": {
        "position": {
          "x": 1003.8276600461106,
          "y": -169.09220928269818
        }
      }
    },
    "check-zip-format#2": {
      "rfNode": {
        "position": {
          "x": 241.6945203735546,
          "y": -436.22957340122065
        }
      }
    }
  },
  "pseudoNodes": {
    "input": {
      "rfNode": {
        "position": {
          "x": -21.58590655478355,
          "y": 61.88131981044244
        }
      }
    },
    "output": {
      "rfNode": {
        "position": {
          "x": 1701.3999579473134,
          "y": 312.8948909022298
        }
      }
    }
  }
}