{
  "nodes": {
    "upload-to-cloud#1": {
      "rfNode": {
        "position": {
          "x": 918.77024976645,
          "y": -656.4572246175804
        }
      }
    },
    "manga-zip-translate#1": {
      "rfNode": {
        "position": {
          "x": 989.3883700969657,
          "y": -142.43505860735422
        }
      }
    },
    "check-zip-format#2": {
      "rfNode": {
        "position": {
          "x": 241.6945203735546,
          "y": -436.22957340122065
        }
      }
    }
  },
  "pseudoNodes": {
    "input": {
      "rfNode": {
        "position": {
          "x": -204.0403398494936,
          "y": 51.928914593943716
        }
      }
    },
    "output": {
      "rfNode": {
        "position": {
          "x": 1669.8700612814857,
          "y": 291.4832080016556
        }
      }
    }
  }
}