{
  "nodes": {
    "upload-to-cloud#1": {
      "rfNode": {
        "position": {
          "x": 797.0943674326275,
          "y": -660.3199510408764
        }
      }
    },
    "manga-zip-translate#1": {
      "rfNode": {
        "position": {
          "x": 1155.4856062986917,
          "y": -140.50369539570625
        }
      }
    },
    "check-zip-format#2": {
      "rfNode": {
        "position": {
          "x": 241.6945203735546,
          "y": -436.22957340122065
        }
      }
    }
  },
  "pseudoNodes": {
    "input": {
      "rfNode": {
        "position": {
          "x": -204.0403398494936,
          "y": 51.928914593943716
        }
      }
    },
    "output": {
      "rfNode": {
        "position": {
          "x": 1669.8700612814857,
          "y": 291.4832080016556
        }
      }
    }
  }
}