{
  "nodes": {
    "upload-to-cloud#1": {
      "rfNode": {
        "position": {
          "x": 918.77024976645,
          "y": -656.4572246175804
        }
      }
    },
    "manga-zip-translate#1": {
      "rfNode": {
        "position": {
          "x": 1003.8276600461106,
          "y": -169.09220928269818
        }
      }
    },
    "check-zip-format#2": {
      "rfNode": {
        "position": {
          "x": 241.6945203735546,
          "y": -436.22957340122065
        }
      }
    }
  },
  "pseudoNodes": {
    "input": {
      "rfNode": {
        "position": {
          "x": -204.0403398494936,
          "y": 51.928914593943716
        }
      }
    },
    "output": {
      "rfNode": {
        "position": {
          "x": 1460.9116339118723,
          "y": -48.29830075253214
        }
      }
    }
  }
}